<?xml version="1.0"?>
<!--<!DOCTYPE metadata SYSTEM "http://www.esri.com/metadata/esriprof80.dtd">-->
<metadata xml:lang="en"><Esri><MetaID>{F96A95A0-E1B7-4B7E-A1F1-FE2C389CA559}</MetaID><CreaDate>20121002</CreaDate><CreaTime>15385300</CreaTime><SyncOnce>TRUE</SyncOnce><DataProperties><lineage><Process ToolSource="C:\Program Files\ArcGIS\ArcToolbox\Toolboxes\Data Management Tools.tbx\DeleteField" Date="20121002" Time="153853">DeleteField NeighborhoodClusters_071612 OBJECTID;NCID_1;COUNT_MAGE;B2000_15TO;OBJECTID_2;NCID_12;COUNT_MA_1;B2010_15TO NeighborhoodClusters_071612</Process></lineage></DataProperties></Esri></metadata>
