OBJECTID,TRACT,GEOID,P0010001,P0010002,P0010003,P0010004,P0010005,P0010006,P0010007,P0010008,OP000001,OP000002,OP000003,OP000004,P0020002,P0020005,P0020006,P0020007,P0020008,P0020009,P0020010,OP00005,OP00006,OP00007,OP00008,P0030001,P0030003,P0030004,P0030005,P0030006,P0030007,P0030008,OP00009,OP00010,OP00011,OP00012,P0040002,P0040005,P0040006,P0040007,P0040008,P0040009,P0040010,OP000013,OP000014,OP000015,OP000016,H0010001,H0010002,H0010003,ACRES,SQ_MILES,Shape_Length,Shape_Area,FAGI_TOTAL_2010,FAGI_MEDIAN_2010,FAGI_TOTAL_2013,FAGI_MEDIAN_2013
1,001001,11001001001,7436,7168,6342,298,17,432,2,77,74,33,172,9,512,5925,295,9,427,2,22,61,28,164,8,5918,5097,249,14,365,2,65,38,23,71,8,387,4786,248,9,362,2,13,30,19,67,8,2834,2727,107,606.401784,0.947503,6507.906513,2454020.970143,441410751,114136.5,445020421,105423.5
2,001002,11001001002,3442,3329,2788,185,7,311,0,38,35,24,59,6,271,2564,178,5,311,0,9,32,24,56,5,3226,2637,165,7,297,0,33,24,22,44,6,241,2438,159,5,297,0,8,21,20,43,5,2342,2089,253,219.834053,0.343491,3952.278513,889636.856291,119559942,74658,134639759,76705
3,004001,11001004001,3745,3623,3237,139,5,162,8,72,33,26,60,5,345,2999,133,5,162,3,3,28,26,50,5,3486,3034,131,5,157,6,57,26,25,42,5,289,2825,130,5,157,3,2,23,19,40,5,2489,2305,184,68.162548,0.106504,2361.335362,275844.048416,203836328,72807,230295472,77629
4,004002,11001004002,2797,2720,2232,226,4,181,1,76,27,14,44,4,250,2088,209,2,179,1,3,22,12,41,4,2654,2135,209,3,170,1,67,24,15,41,3,227,1998,195,2,168,1,3,19,12,39,3,1916,1762,154,48.451481,0.075705,2132.734912,196076.188855,132421749,60460.5,170535365,65155
5,004100,11001004100,2708,2646,2261,115,9,181,3,77,29,13,23,1,259,2090,108,4,180,3,14,27,10,20,1,2482,2099,100,9,166,3,67,18,9,15,1,235,1940,94,4,165,3,10,17,8,13,1,1702,1494,208,201.868555,0.31542,3872.498178,816933.06228,403203164,87019,217573711,81283.5
6,004201,11001004201,3342,3250,2721,240,5,215,0,69,33,20,41,2,266,2544,236,3,214,0,6,28,17,38,2,3222,2638,220,5,210,0,66,30,19,36,1,251,2473,216,3,209,0,6,25,16,33,1,2259,2113,146,50.535095,0.078961,1842.645783,204508.273888,144465497,59325,195239173,69112
7,004202,11001004202,2771,2688,2281,129,10,216,3,49,19,12,50,7,215,2133,126,6,214,3,7,16,7,47,6,2691,2228,124,9,201,3,46,19,12,48,7,208,2083,121,6,199,3,6,16,7,45,6,1915,1787,128,51.493814,0.080459,2102.861146,208388.072347,120039686,60675,165982765,67958
8,004300,11001004300,3255,3164,1849,901,18,157,2,237,38,21,35,4,492,1642,889,12,149,2,6,29,17,32,4,2963,1795,767,13,150,2,159,33,21,29,4,387,1606,756,9,144,2,5,25,17,27,4,2084,1943,141,58.470836,0.091361,2045.425608,236623.079936,107576663,47515.5,161937053,56174
9,004400,11001004400,4572,4447,2989,1016,24,260,0,158,45,23,61,5,417,2778,982,18,259,0,15,42,20,57,5,4263,2876,886,21,248,0,129,37,24,49,5,366,2683,854,17,247,0,11,36,20,47,5,2651,2493,158,128.912788,0.201426,2944.721437,521691.548437,231491287,70297,325184107,77519
10,001100,11001001100,4779,4641,4012,290,9,273,6,51,41,18,88,1,306,3773,290,4,268,3,25,32,9,80,0,3980,3355,260,9,243,6,34,20,11,45,1,242,3162,260,4,238,3,13,18,7,38,0,2234,2118,116,414.253978,0.647272,5698.762332,1676426.380395,361630195,101389,326529055,88358
11,001200,11001001200,5008,4850,4073,272,18,388,3,96,57,23,76,5,399,3805,263,9,385,3,14,46,22,73,4,4338,3531,239,15,355,3,79,47,21,51,4,350,3293,230,7,352,3,8,38,21,48,3,2633,2516,117,300.997551,0.470309,4907.033192,1218093.87851,284024809,79665,304763968,74166.5
12,001301,11001001301,3955,3843,3047,374,7,357,0,58,41,13,67,1,290,2820,367,5,356,0,15,35,12,64,1,3477,2736,317,7,301,0,43,29,15,39,1,252,2534,311,5,301,0,8,25,12,39,1,2156,2030,126,705.111461,1.101737,8777.811293,2853484.862474,271817059,76361.5,240485097,66620
13,001302,11001001302,6857,6672,5596,379,13,595,2,87,40,28,122,9,483,5219,371,7,587,2,21,36,25,115,9,6589,5395,359,13,569,2,84,38,28,106,9,459,5038,351,7,561,2,21,34,23,102,9,5375,4795,580,393.41836,0.614716,6378.54781,1592107.626468,319818452,68999,405180643,73585
14,001401,11001001401,3078,2975,2541,178,5,198,0,53,37,15,55,4,210,2394,176,1,198,0,12,36,14,44,4,2419,1992,162,4,173,0,40,17,14,22,4,160,1873,160,1,173,0,9,16,13,19,4,1478,1415,63,194.781014,0.304345,4033.370295,788250.801151,230011349,91172.5,207763895,79863.5
15,001402,11001001402,2998,2921,2334,356,5,160,0,66,40,13,34,1,232,2182,350,4,159,0,7,36,8,31,1,2446,1881,316,5,141,0,54,25,11,20,1,189,1754,314,4,140,0,5,23,8,18,1,1612,1472,140,221.189282,0.345608,4867.514204,895121.269963,176059601,98926,181523449,102986
16,000502,11001000502,3189,3095,2720,95,15,192,0,73,26,17,56,1,271,2550,89,5,191,0,9,21,13,52,1,2786,2400,85,9,166,0,60,17,13,37,1,223,2258,80,4,165,0,4,15,10,36,1,1774,1643,131,143.678206,0.224497,4037.961014,581445.072597,248468359,76777,252908312,75829
17,003400,11001003400,4347,4152,576,3392,20,97,3,64,157,66,45,8,239,528,3295,8,90,3,16,143,61,40,5,3997,538,3129,15,86,3,53,140,59,40,8,200,500,3043,8,79,3,14,129,55,35,5,1347,1025,322,266.264201,0.416038,4800.865939,1077532.996601,53344073,39287,75037699,43117
18,003500,11001003500,3740,3594,626,2681,14,106,0,167,91,26,28,8,371,530,2620,11,106,0,7,70,24,25,7,3398,581,2444,13,104,0,131,85,26,23,8,292,508,2387,10,104,0,7,70,24,20,7,1189,964,225,94.352383,0.147426,2982.473558,381830.550237,46454657,30673.5,66239783,32859.5
19,003600,11001003600,4208,4048,1773,1645,13,161,0,456,58,39,44,11,809,1521,1604,8,158,0,14,49,20,41,9,3680,1691,1378,11,149,0,324,50,31,35,10,616,1473,1346,7,146,0,11,44,19,32,8,2308,1987,321,75.521648,0.118003,2293.46528,305625.267935,110621750,35858,161376203,42788.5
20,003700,11001003700,5763,5507,1915,2527,22,212,10,821,134,60,55,15,1514,1490,2405,13,206,7,16,65,34,45,7,4798,1782,1988,17,193,9,605,106,50,49,10,1125,1450,1906,9,188,6,15,55,26,41,7,2570,2401,169,72.231863,0.112862,2297.040644,292311.980827,103905996,32263,162058134,41387.5
21,003800,11001003800,4614,4419,2884,825,22,261,1,426,77,37,78,7,935,2456,796,10,257,1,26,59,27,68,3,4177,2726,729,18,240,1,313,53,35,64,6,738,2364,705,8,236,1,22,39,26,55,2,2861,2625,236,87.921652,0.137378,2708.295074,355806.303174,155960140,48799,209040361,54786
22,003900,11001003900,4474,4304,3285,563,21,225,4,206,88,43,59,3,553,2995,546,13,224,3,21,55,25,57,3,4225,3145,528,20,208,4,181,72,34,49,3,492,2884,511,13,207,3,17,46,24,47,3,2996,2806,190,99.080501,0.154813,3408.080644,400964.564908,155878056,51160,206237963,59470
23,006500,11001006500,2531,2469,2088,228,13,113,1,26,19,13,32,7,123,1999,222,11,112,1,10,17,9,31,6,2296,1913,212,11,97,1,18,11,8,25,5,102,1837,207,10,96,1,6,9,6,24,4,1543,1320,223,122.570172,0.191516,3386.495881,496023.890979,120078372,76911,138021124,79139
24,001500,11001001500,5911,5729,4877,643,7,145,2,55,67,34,97,8,304,4642,637,6,144,2,21,62,27,86,8,4371,3609,521,7,119,2,34,33,21,36,5,205,3444,517,6,118,2,15,31,16,30,5,2126,2081,45,1161.050947,1.814142,10650.327088,4698606.50898,505817116,135878,464768292,136868
25,001600,11001001600,3957,3799,997,2670,8,55,1,68,114,51,45,0,200,930,2621,4,55,0,15,104,45,37,0,3239,801,2255,6,48,1,42,59,41,19,0,136,756,2219,3,48,0,6,57,39,16,0,1685,1620,65,667.006081,1.042197,8627.683622,2699277.858554,239860892,88449.5,206050056,86508.5
26,001702,11001001702,2644,2519,1020,1342,6,79,1,71,94,34,29,2,212,918,1325,5,78,1,8,77,33,25,1,2273,888,1175,5,70,1,55,57,26,18,1,155,815,1162,4,69,1,6,45,25,17,1,1312,1230,82,229.815973,0.359087,4873.125958,930032.250284,85001437,53846.5,99172867,57746
27,000100,11001000100,4890,4808,4444,105,9,201,2,47,17,12,47,2,296,4202,101,8,198,2,15,16,10,43,2,4305,3924,93,8,184,2,33,11,12,30,2,257,3711,90,7,181,2,9,10,10,26,2,2999,2686,313,585.846014,0.915384,10028.236285,2370834.717974,551823378,89357,444019426,86101.5
28,000201,11001000201,3916,3736,2940,259,7,482,5,43,47,20,117,6,275,2740,249,4,480,5,7,40,16,115,6,3902,2931,259,7,478,5,43,47,20,116,6,272,2734,249,4,476,5,7,40,16,114,6,2,2,0,133.326167,0.208322,3249.765438,539551.856818,65709,12201.5,627662,23000
29,000202,11001000202,5425,5294,4705,159,5,375,3,47,33,16,76,7,343,4438,150,3,370,3,12,27,14,68,6,5061,4384,155,4,360,3,43,26,15,65,7,320,4132,146,3,355,3,10,22,14,59,6,2143,1933,210,305.039464,0.476624,6742.459377,1234450.922435,379656242,116867,244019719,95033.5
30,000300,11001000300,6233,6076,5497,139,11,352,1,76,48,20,93,9,404,5186,135,10,348,1,10,44,18,89,9,5542,4900,123,9,323,1,71,36,21,60,7,344,4644,121,8,319,1,8,32,16,59,7,2912,2754,158,252.603196,0.394693,4077.691319,1022248.871354,274689743,66914.5,306388942,58822
31,000400,11001000400,1455,1428,1247,50,2,103,0,26,9,2,15,1,123,1149,46,1,103,0,12,6,2,15,1,1218,1032,43,2,100,0,23,7,1,10,1,104,949,39,1,100,0,10,5,1,10,1,690,636,54,378.382824,0.591223,5949.909534,1531260.972011,244811632,104934,130390459,110621
32,000501,11001000501,3376,3267,2853,124,7,249,1,33,32,18,64,3,231,2689,122,3,246,1,4,18,9,60,3,3195,2729,114,5,232,1,28,25,17,47,3,201,2585,112,3,229,1,2,13,9,45,3,2186,2027,159,233.384264,0.364663,6813.633099,944472.61226,157450900,65919,182269099,68973
33,007304,11001007304,3546,3513,41,3443,10,7,1,11,32,13,8,2,38,40,3420,9,7,1,3,27,13,8,2,2429,39,2347,6,7,1,10,18,9,4,2,24,38,2333,5,7,1,3,17,9,4,2,1376,1198,178,308.98569,0.48279,5527.038453,1250420.731467,36698222,22766,39995849.95,20922
34,007401,11001007401,2414,2393,17,2349,10,5,0,12,21,10,4,1,31,15,2342,8,5,0,0,13,6,4,1,1468,14,1425,7,4,0,8,10,4,1,1,20,12,1422,5,4,0,0,5,3,1,1,935,771,164,357.737775,0.558965,6378.842229,1447713.422577,16271306,18377.5,17706306,16504.5
35,007403,11001007403,2859,2835,12,2811,4,7,0,1,24,7,8,0,24,12,2792,2,6,0,0,23,7,8,0,1956,11,1918,3,7,0,1,16,4,6,0,12,11,1910,2,6,0,0,15,4,6,0,1180,1092,88,80.582071,0.125909,3174.081577,326104.072368,26534651,24468,27739508,22754
36,007404,11001007404,3310,3246,41,3165,4,8,0,28,58,34,9,2,64,31,3147,2,8,0,4,52,31,9,2,2100,29,2003,4,7,0,17,37,16,8,2,36,24,1993,2,7,0,2,35,15,8,2,1308,1106,202,199.124055,0.311131,4988.203673,805826.464222,35852862,26372,41892503,24785.5
37,007406,11001007406,3063,3028,20,2984,5,2,0,17,35,13,4,3,71,11,2950,5,2,0,4,20,11,2,1,1830,14,1779,3,2,0,11,21,10,3,2,35,10,1764,3,2,0,3,13,9,2,1,1066,985,81,91.354313,0.142741,2600.357547,369697.788765,18379045,19594.5,22222673,18214.5
38,007407,11001007407,2587,2551,32,2499,3,11,0,6,35,14,1,1,36,32,2469,3,11,0,3,33,14,1,1,1850,30,1778,3,7,0,5,26,11,1,1,22,30,1762,3,7,0,2,24,11,1,1,1203,1090,113,150.888962,0.235764,4692.193111,610625.968254,39030200,30728,43791436,29333.5
39,007408,11001007408,3038,3010,32,2964,7,4,0,3,28,15,0,1,32,26,2939,7,4,0,2,28,15,0,1,2027,27,1970,6,3,0,3,18,12,0,1,20,24,1954,6,3,0,2,18,12,0,1,1239,1053,186,94.491008,0.147642,3911.211868,382391.546224,21984988,20813,22774343,18636
40,007409,11001007409,3499,3455,20,3417,3,6,0,9,44,26,6,0,34,12,3399,3,6,0,4,41,25,6,0,2291,16,2229,2,4,0,9,31,21,5,0,23,10,2219,2,4,0,4,29,20,5,0,1507,1417,90,98.284961,0.15357,3046.210809,397745.127479,39191696,24851,40482342,21349.5
41,007502,11001007502,4541,4454,43,4380,4,8,0,19,86,35,22,3,57,34,4357,4,8,0,10,70,30,19,1,3251,41,3121,4,8,0,16,60,24,15,1,41,32,3107,4,8,0,8,50,20,12,1,1898,1677,221,152.149812,0.237734,4792.907479,615728.446798,45577412,25027,50022193.2,24720
42,004600,11001004600,3028,2929,816,1964,3,97,0,49,60,20,42,7,221,697,1929,3,96,0,7,45,14,36,5,2537,757,1560,3,94,0,39,53,16,35,6,167,668,1533,3,93,0,6,42,11,33,5,1465,1268,197,107.964625,0.168695,2900.631832,436917.338248,60318054,36871,93634428,41045
43,004701,11001004701,3986,3919,595,2754,19,530,1,20,45,27,23,4,108,549,2725,13,527,1,3,39,24,23,4,3066,580,1923,17,469,1,20,36,20,21,4,98,536,1900,12,466,1,3,31,18,21,4,2138,2002,136,79.374746,0.124023,2917.412572,321218.203506,62945849,27406,104928195,36630
44,004702,11001004702,1802,1742,703,853,0,158,1,27,35,14,21,1,95,659,844,0,158,1,5,24,8,16,1,1647,693,724,0,157,1,21,31,11,17,1,84,649,716,0,157,1,4,22,8,14,1,988,922,66,80.186298,0.125291,2950.758095,324502.438579,68048639,59074,106167879,69010
45,004801,11001004801,2143,2045,847,961,9,123,5,100,50,24,50,2,191,776,952,6,123,0,10,48,19,48,2,1934,816,829,9,113,3,80,43,22,41,2,166,752,820,6,113,0,5,41,17,39,2,1208,1078,130,78.446069,0.122572,2458.972701,317459.981365,63801222,47244,99227482,52484
46,004802,11001004802,2922,2845,866,1464,16,369,1,129,48,31,20,1,223,793,1457,9,368,0,6,45,30,18,1,2492,830,1176,13,303,1,106,36,26,19,0,186,767,1171,9,302,0,4,33,24,17,0,1561,1382,179,71.190592,0.111235,2192.317601,288098.105371,73241336.7,33975.5,115913258,41981
47,004901,11001004901,2087,2036,793,1075,14,94,1,59,30,13,21,0,178,686,1060,12,94,1,16,24,11,21,0,1696,730,794,14,80,1,38,23,12,16,0,128,652,786,12,80,1,5,19,11,16,0,1094,971,123,67.177931,0.104966,2112.98851,271859.44485,52574029,35398,77147230,44409
48,004902,11001004902,2690,2615,1330,812,11,166,6,290,21,9,26,6,468,1193,805,4,166,1,11,16,8,22,6,2354,1281,615,8,162,4,220,18,9,23,5,375,1162,610,3,162,1,5,14,8,20,5,1530,1417,113,65.20096,0.101877,2052.282436,263858.924567,98407326,44608.5,123680131,52213.5
49,005001,11001005001,1955,1893,1259,484,3,92,0,55,25,8,30,2,169,1161,474,1,92,0,9,23,8,25,0,1802,1195,429,3,87,0,42,22,8,21,0,140,1108,419,1,87,0,8,20,8,18,0,1003,952,51,50.590061,0.079047,2114.927043,204730.715389,94309397,67622,124100006,74090
50,005002,11001005002,6021,5799,3225,1152,33,328,5,1056,75,39,79,4,1676,2737,1120,15,326,4,15,50,27,73,4,5480,3128,1037,27,305,5,790,61,37,63,3,1340,2693,1008,15,303,4,8,42,27,58,3,3853,3475,378,57.695947,0.09015,2245.140851,233487.214066,192352559,39733,266261760,53208
51,005201,11001005201,6077,5878,4398,775,20,442,19,224,65,47,99,8,612,4079,757,9,438,3,18,58,32,91,8,5811,4305,672,20,429,15,197,56,45,82,7,562,3999,656,9,425,3,16,49,32,78,7,4548,4200,348,83.935882,0.13115,2661.842057,339676.463216,268298733,66130,401961716,75149
52,005301,11001005301,5051,4902,4121,179,17,455,4,126,37,24,96,4,432,3847,171,7,451,2,16,29,19,92,4,4920,4039,169,16,442,4,116,34,22,84,4,413,3770,163,7,438,2,16,27,17,80,4,3890,3608,282,70.763342,0.110568,2322.239748,286369.08778,226732166,64826,288225330,72068
53,005500,11001005500,6671,6454,5135,628,18,590,1,82,63,37,121,10,493,4752,613,13,586,1,24,58,30,117,10,6476,5000,611,17,574,1,76,57,36,108,10,474,4628,597,13,570,1,18,53,30,106,10,4983,4185,798,157.525518,0.246134,3987.966398,637483.15881,333923999,73032,409244354,78901.5
54,005600,11001005600,6756,6523,5107,517,13,797,0,89,105,47,130,7,428,4810,495,11,794,0,17,96,42,119,7,6629,5031,506,13,785,0,85,98,47,110,7,414,4742,484,11,782,0,17,89,42,100,7,4059,3347,712,117.38224,0.18341,4364.539699,475029.075784,167255800,63663,192250360,61943.5
55,005800,11001005800,2830,2737,1806,265,7,602,4,53,29,17,46,6,180,1698,262,7,600,4,1,21,16,46,6,2710,1759,254,7,563,4,42,24,17,39,6,161,1656,251,7,561,4,1,19,16,39,6,2306,1810,496,225.041999,0.351628,4111.144016,910712.662854,119511652,83192,175823623,89328
56,005900,11001005900,2998,2922,1712,826,9,280,1,94,37,15,29,2,223,1617,806,9,278,1,7,25,13,25,1,2885,1695,752,7,278,1,83,31,14,27,2,207,1603,732,7,276,1,7,21,12,23,1,1868,1523,345,159.092895,0.248583,3377.371983,643826.107084,55624517.13,46136,89285287,47249
57,006202,11001006202,33,33,7,25,0,1,0,0,0,0,0,0,0,7,25,0,1,0,0,0,0,0,0,29,7,21,0,1,0,0,0,0,0,0,0,7,21,0,1,0,0,0,0,0,0,8,8,0,2821.333501,4.408334,27060.07099,11417531.666433,128235,102705,554878,52548
58,006400,11001006400,2139,2095,142,1860,24,38,0,31,37,22,7,3,65,133,1839,24,38,0,3,32,17,7,3,1565,136,1330,13,26,0,22,31,18,7,3,49,127,1318,13,26,0,1,26,13,7,3,1055,977,78,226.475149,0.353867,4676.886797,916512.417609,22543116,21222,36959590,25016
59,006600,11001006600,1909,1876,1718,58,11,70,1,18,15,8,14,1,78,1659,56,10,70,1,4,14,8,13,1,1680,1525,50,10,58,1,15,10,7,9,0,60,1482,48,10,58,1,2,9,7,8,0,1143,1016,127,73.195286,0.114368,2663.238244,296210.814551,106170076,88338,117490965,80400
60,006700,11001006700,3775,3679,3077,452,11,114,2,23,33,23,48,4,147,2965,447,10,113,2,10,28,17,45,4,3283,2703,389,9,98,2,20,23,22,25,3,121,2609,386,9,97,2,8,18,17,24,3,2008,1866,142,105.82744,0.165355,3020.444037,428268.458888,217100355,85648,233122093,83000
61,006801,11001006801,1949,1893,647,1192,3,31,0,20,30,12,25,1,74,607,1183,2,31,0,3,24,11,25,1,1687,574,1016,3,30,0,18,25,11,19,1,61,539,1011,2,30,0,3,21,10,18,1,977,880,97,60.434956,0.09443,2060.756247,244571.592742,52747534,48014,76178458,51207.5
62,006802,11001006802,2084,2029,937,1022,6,38,0,26,37,14,24,0,94,894,1009,5,36,0,8,22,8,21,0,1754,804,856,6,31,0,18,26,11,16,0,71,766,850,5,31,0,3,17,8,14,0,1004,921,83,69.835546,0.109118,2545.70931,282614.430576,73798559,58385,96128685,63716
63,006804,11001006804,3670,3567,187,3225,29,21,1,104,75,41,25,11,315,91,3138,24,21,0,8,64,33,19,5,3396,186,2965,25,20,1,101,70,36,21,11,296,91,2894,20,20,0,7,59,28,15,5,13,12,1,499.917084,0.78112,6734.287255,2023092.673373,1427126,31692,1403283,15698
64,006900,11001006900,2179,2121,1404,636,7,61,2,11,11,13,35,2,87,1340,630,6,61,2,6,9,6,32,2,1888,1234,548,6,52,2,7,9,10,23,1,68,1180,545,5,52,2,2,7,6,22,1,1190,1114,76,101.377485,0.158402,2860.13228,410260.129911,96831762,74417,117789037,79464.5
65,007000,11001007000,2812,2748,2209,433,8,65,4,29,23,11,31,3,162,2093,423,7,64,4,9,20,9,27,2,2596,2074,378,8,61,4,24,18,11,19,3,144,1968,371,7,60,4,5,16,9,18,2,1268,1195,73,103.877049,0.162308,2909.008064,420375.507393,105497762,75046.5,113568529,74503
66,007100,11001007100,2911,2807,977,1703,15,72,0,40,44,31,39,2,158,898,1691,15,71,0,7,36,21,32,2,2289,895,1209,12,70,0,31,32,26,24,2,119,830,1201,12,69,0,6,29,17,20,2,1461,1342,119,180.708232,0.282357,3852.778052,731300.275476,73551776,42529,90074658,44333
67,000600,11001000600,4539,4395,3878,225,10,207,2,73,51,23,65,9,332,3647,217,6,204,2,13,41,24,61,4,3812,3273,207,9,177,2,59,23,19,37,8,272,3087,199,6,176,2,4,18,18,36,3,2234,2108,126,356.513068,0.557052,5202.370432,1442757.206758,882856096,87171,413850238,81528.5
68,000701,11001000701,4620,4502,3848,235,18,288,4,109,37,13,60,13,407,3583,215,8,285,4,27,30,10,55,9,4255,3586,212,15,266,3,84,27,12,46,7,354,3342,198,7,263,3,17,20,9,42,7,3275,2974,301,135.861574,0.212284,3198.46539,549812.287649,268583555,68493,265927884,68775
69,000702,11001000702,3364,3259,2751,192,7,224,1,84,31,18,54,3,357,2511,180,3,217,1,16,25,9,49,2,3205,2642,183,7,211,1,69,26,15,48,2,318,2426,172,3,204,1,11,22,8,44,1,2471,2293,178,72.373837,0.113084,2738.796618,292886.528547,86235734,50407,121237434,56357.5
70,000801,11001000801,6709,6526,5719,316,5,374,1,111,58,13,118,5,572,5284,299,3,372,1,27,48,15,97,5,5691,4880,278,5,325,0,86,36,19,73,5,476,4506,266,3,323,0,18,30,15,69,5,3528,3207,321,760.09512,1.187649,8440.167935,3075995.837565,556165589,97849.5,429046240,94346
71,000802,11001000802,2869,2775,2390,107,4,232,2,40,23,8,62,3,231,2211,98,3,232,2,10,19,6,61,3,2438,2043,89,4,207,2,34,17,8,32,3,187,1898,86,3,207,2,6,14,6,31,3,1423,1336,87,563.044316,0.879757,6636.141912,2278559.521435,211883023,89712.5,240968712,78663
72,000901,11001000901,7175,6946,6135,260,16,451,3,81,55,23,152,13,436,5807,249,12,447,3,22,52,22,138,10,6130,5204,233,16,432,3,64,40,22,117,13,382,4919,224,12,428,3,12,38,19,106,10,1661,1558,103,748.364124,1.169319,7095.702947,3028522.180621,610398683,166298,443181730,138978.5
73,001803,11001001803,3514,3401,354,2372,7,73,8,587,62,28,14,5,838,190,2340,4,72,8,14,44,27,7,5,2826,277,1988,5,60,5,407,50,25,11,3,581,162,1966,4,59,5,10,36,24,6,3,1612,1543,69,289.174493,0.451835,4709.910531,1170247.662996,69030385,25312,76833849,26235
74,001804,11001001804,4480,4310,549,2983,20,51,0,707,74,45,18,11,1211,185,2933,8,51,0,22,56,22,17,8,3461,401,2408,15,42,0,471,61,36,10,10,835,153,2368,7,42,0,6,44,21,9,7,1924,1812,112,148.68792,0.232325,3404.953403,601718.669088,90687018.37,26365,101095037,26535.5
75,001901,11001001901,4016,3887,424,3023,31,36,3,370,99,56,19,3,625,285,2965,12,29,3,3,87,46,16,3,3190,342,2460,27,30,3,241,64,43,17,3,421,242,2418,11,27,3,2,59,34,14,3,1603,1503,100,190.041207,0.296939,3629.655443,769069.481664,89722055.5,36750,96561062,37420
76,000902,11001000902,2092,2021,1861,67,4,77,1,11,28,12,40,2,107,1776,63,3,77,1,5,22,9,37,2,1544,1388,50,1,67,1,7,9,8,16,2,71,1327,48,1,67,1,4,7,6,15,2,862,833,29,538.801955,0.841878,8704.287793,2180454.165696,218882503,121032,176273097,113487
77,003301,11001003301,3198,3072,959,1998,7,62,4,42,86,38,42,7,125,898,1972,6,62,3,17,80,36,41,7,2828,898,1724,6,61,4,38,64,26,35,7,111,846,1699,6,61,3,15,59,24,35,7,1578,1405,173,108.630219,0.169735,3304.154907,439610.901783,94626938,50955.5,118997087,52263
78,003302,11001003302,2134,2054,735,1216,7,41,0,55,57,21,20,0,128,687,1197,7,41,0,2,52,20,19,0,1856,695,1002,7,41,0,51,37,18,17,0,113,654,985,7,41,0,2,34,17,16,0,982,887,95,49.077352,0.076683,1890.785622,198608.997138,59721428.37,46371,82445643.83,51120
79,008804,11001008804,2412,2375,106,2183,7,3,0,76,31,12,12,0,130,68,2167,7,3,0,2,30,12,12,0,1883,87,1706,6,3,0,53,22,11,8,0,87,65,1694,6,3,0,2,21,11,8,0,1396,1096,300,194.505405,0.303915,3936.333064,787135.451864,27927495,24539,32464257.52,25106.5
80,008903,11001008903,2633,2591,48,2493,4,7,0,39,38,20,5,1,67,37,2481,3,7,0,5,31,18,5,1,1992,39,1884,4,7,0,29,25,11,2,1,49,31,1877,3,7,0,3,20,10,2,1,1399,1150,249,74.003848,0.115631,2991.03481,299482.950951,33732629,25168,50045860,29334
81,008904,11001008904,3309,3249,33,3170,8,10,1,27,59,30,11,2,61,27,3154,8,10,0,0,48,27,8,1,2569,32,2461,8,8,1,20,38,19,6,1,46,26,2448,8,8,0,0,32,17,5,1,1788,1539,249,112.80696,0.176261,3121.43913,456513.57448,31336668.91,23070.5,38466036.9,23445
82,009000,11001009000,2732,2648,113,2431,6,68,0,30,74,31,19,1,76,100,2412,5,68,0,3,64,31,16,1,2430,104,2170,6,58,0,22,62,30,13,1,57,95,2156,5,58,0,2,54,30,11,1,1646,1553,93,359.719547,0.562062,5394.277842,1455733.368659,56150253,43111,65837807.73,47746
83,009102,11001009102,4127,4056,117,3820,11,13,0,95,51,20,9,3,173,95,3784,8,13,0,11,40,19,9,3,3039,107,2795,9,12,0,72,30,15,4,3,113,92,2778,7,12,0,7,27,15,4,3,1854,1662,192,453.503991,0.7086,6339.304691,1835265.550179,60148337,28156,77312944,28794
84,009201,11001009201,1976,1905,737,1019,4,51,1,93,41,18,21,5,185,666,1006,3,50,1,13,37,14,18,5,1758,718,862,3,48,1,66,33,14,19,4,151,658,849,2,47,1,7,29,10,16,4,619,570,49,158.337931,0.247403,3334.446804,640770.875124,28052728.79,37114,45375827.82,38115
85,009203,11001009203,2582,2519,280,2117,7,40,2,73,57,22,5,4,167,247,2079,5,34,2,8,36,20,5,4,2109,260,1709,7,33,2,48,44,18,4,4,117,234,1683,5,30,2,4,30,16,4,4,1259,1065,194,145.121157,0.226752,3471.344052,587284.489542,48343832,32780,62405590,35161
86,009204,11001009204,2557,2503,170,2062,25,14,0,232,36,30,5,1,318,130,2044,8,14,0,4,32,26,5,1,2028,159,1638,24,14,0,152,30,23,5,1,216,126,1628,8,14,0,3,26,22,5,1,1369,1292,77,74.884333,0.117007,2526.496186,303046.147344,28552707,26231,34706643,26124
87,007200,11001007200,2794,2709,1670,862,4,144,0,29,38,20,30,6,155,1569,851,3,143,0,3,34,18,30,6,2658,1617,793,4,138,0,29,34,18,27,6,151,1518,782,3,137,0,3,31,17,27,6,2370,1830,540,405.667503,0.633855,5365.257137,1641678.14769,107909588,64030,186295174,70045
88,007301,11001007301,3012,2818,1791,767,21,110,13,116,106,26,72,31,391,1605,717,18,102,13,10,87,21,67,29,2064,1293,511,18,81,11,76,38,17,25,12,236,1167,487,15,78,11,5,33,15,23,12,991,812,179,2439.892023,3.812331,17862.988472,9873892.76213,1673140,34010,3361568,40680
89,002301,11001002301,2974,2899,474,2137,20,37,2,229,44,15,12,18,402,371,2113,7,37,0,5,29,15,11,1,2398,416,1728,13,28,2,156,28,14,10,15,285,337,1710,6,28,0,4,18,14,9,1,1168,1069,99,101.948116,0.159294,2865.391245,412569.389844,66417176,37400,84654482,37194.5
90,002302,11001002302,2036,1983,1022,870,10,60,0,21,40,19,13,7,84,978,860,10,60,0,2,31,18,13,3,1915,1004,778,10,58,0,19,34,19,11,7,68,968,772,10,58,0,2,27,18,10,3,1573,1216,357,497.945307,0.77804,5876.136673,2015113.174405,26615661,30605,31103989,37487
91,002400,11001002400,3618,3524,793,2293,15,60,1,362,54,31,18,4,685,560,2240,5,60,1,8,39,26,16,3,2951,696,1864,11,54,1,247,46,30,12,4,494,517,1827,5,54,1,5,33,24,11,3,1384,1275,109,137.465967,0.214791,3265.934715,556305.035605,80149660,36059,106668159,38006
92,002501,11001002501,2554,2439,613,1432,11,25,4,354,50,26,19,32,589,463,1398,7,25,1,14,44,24,16,2,2092,514,1220,11,22,3,240,35,22,10,25,430,395,1191,7,22,1,8,30,20,9,2,1042,1004,38,134.279212,0.209811,3106.147797,543408.69574,63870734,31549,74481381,31627.5
93,002502,11001002502,5973,5514,1493,2496,39,91,5,1390,116,47,60,175,2532,837,2363,13,90,5,28,72,28,47,2,4826,1281,2079,28,83,4,1003,83,43,41,131,1876,778,1985,7,82,4,19,51,26,33,2,2415,2151,264,149.362005,0.233378,3238.906671,604446.594565,116055853,26090,156512610,32326
94,002600,11001002600,2166,2074,916,1026,6,67,0,59,66,23,23,2,149,842,1017,6,67,0,12,57,16,22,2,1816,782,867,6,55,0,45,45,20,12,2,117,723,858,6,55,0,9,40,16,11,2,1001,947,54,547.648433,0.855701,9204.269399,2216254.589923,134692240,78044,120160981,74993.5
95,002701,11001002701,5233,4989,2828,1281,29,276,2,573,124,56,88,12,1269,2267,1236,16,267,2,18,86,33,73,7,4623,2548,1169,24,250,2,444,99,53,60,11,1004,2092,1128,15,243,2,17,70,30,51,7,2845,2655,190,111.263907,0.17385,3377.590811,450269.058831,137493357,35394.5,184313228,42690
96,007601,11001007601,4355,4285,140,4109,7,21,0,8,64,31,12,2,61,124,4075,6,21,0,4,59,28,11,2,3411,132,3200,7,18,0,6,42,26,8,2,48,118,3175,6,18,0,2,39,24,7,2,2196,1855,341,312.109581,0.487671,4733.026791,1263062.671833,65787519,28653,72209610,29757
97,007603,11001007603,4044,3961,244,3645,26,19,1,26,76,39,4,3,89,224,3613,23,19,0,1,72,38,4,2,3331,221,2990,19,15,1,20,59,27,4,3,72,205,2964,17,15,0,1,55,26,4,2,2328,2121,207,303.081921,0.473566,4994.723368,1226529.025889,95985961,42744,96251269,41564
98,007604,11001007604,3644,3594,148,3411,10,10,1,14,45,22,9,0,59,127,3387,9,10,1,4,43,21,8,0,2982,134,2779,9,10,1,10,36,18,7,0,45,115,2763,9,10,1,3,34,17,6,0,1931,1750,181,338.156739,0.52837,5427.176057,1368471.777614,77030053,35693.5,80847329,36500.5
99,007605,11001007605,3447,3380,47,3292,16,11,0,14,62,29,11,2,43,37,3278,15,11,0,5,57,29,11,2,2763,43,2635,13,10,0,12,45,26,7,2,30,37,2623,13,10,0,4,45,26,7,2,1804,1581,223,112.123699,0.175193,3672.99917,453748.512541,53319053,31064,56942326,29971
100,007703,11001007703,5187,5105,53,4924,10,5,1,112,72,47,7,2,186,29,4886,9,5,1,5,63,39,5,2,3665,44,3476,8,3,1,82,42,32,5,2,140,24,3446,8,3,1,4,37,24,3,2,2338,2103,235,249.880486,0.390438,4509.848281,1011230.453692,62080786,26835,66007045,24882
101,007707,11001007707,3867,3828,42,3740,12,1,0,33,37,19,2,1,64,42,3712,11,1,0,4,32,18,2,1,2841,38,2742,10,1,0,22,26,16,1,0,39,38,2728,9,1,0,3,22,15,1,0,1721,1555,166,208.256449,0.325401,4424.682144,842783.952987,58126835.3,31164,61842067,28427.5
102,007708,11001007708,2486,2438,11,2416,2,1,2,6,44,24,7,3,35,9,2395,2,1,2,1,41,23,6,2,1837,9,1782,2,1,2,4,34,18,6,3,24,9,1767,2,1,2,0,32,17,5,2,1262,1084,178,211.601071,0.330627,4293.393914,856319.157833,30562571,26240,34921404,25245
103,007709,11001007709,2007,1972,38,1896,8,3,0,27,32,19,6,0,47,29,1884,7,3,0,8,29,16,6,0,1599,34,1513,7,3,0,19,21,14,2,0,30,28,1505,6,3,0,7,20,12,2,0,1144,979,165,228.471426,0.356987,4638.997012,924591.062435,28571370,29896,30343665,30352
104,007803,11001007803,3293,3244,36,3126,15,8,0,59,40,20,10,5,103,22,3102,15,8,0,6,35,19,6,4,2543,32,2404,12,7,0,45,35,18,6,5,75,22,2387,12,7,0,6,32,17,4,4,1652,1438,214,247.758352,0.387122,4553.269283,1002642.482523,47573443.6,29997,52825855,27686
105,007804,11001007804,3446,3366,24,3289,4,4,0,45,72,44,19,5,69,18,3277,4,4,0,5,63,42,19,5,2432,19,2323,4,4,0,28,47,27,12,5,42,16,2315,4,4,0,4,42,25,12,5,1378,1212,166,209.509825,0.327359,4574.80291,847856.187174,37285095,27108,42241373,24947
106,007806,11001007806,2347,2319,35,2247,13,3,1,20,27,21,0,7,75,22,2208,12,3,0,0,27,20,0,7,1797,30,1723,10,3,1,12,17,14,0,1,51,22,1695,9,3,0,0,17,13,0,1,1102,964,138,170.226811,0.265979,4130.207134,688883.467073,32232385,29933,35524039,27394
107,002702,11001002702,5226,5006,3439,699,48,205,1,614,65,38,58,14,1303,2924,652,15,202,0,24,43,21,52,11,4578,3057,635,37,185,1,494,46,32,44,12,1076,2620,591,11,183,0,15,32,18,39,9,2565,2311,254,124.924524,0.195195,3697.627805,505551.614963,198770793,43840.5,223639542,48746.5
108,002801,11001002801,3773,3602,1241,1359,23,155,1,823,69,40,41,5,1382,817,1321,11,151,0,12,44,24,31,5,3145,1128,1088,16,129,1,641,53,30,38,4,1090,792,1058,6,125,0,10,32,18,28,4,1820,1646,174,42.475782,0.066368,1725.322841,171893.394001,65733402,23606,94212705,28873
109,002802,11001002802,4277,4043,1753,1069,51,181,2,987,65,37,40,9,1843,1125,1034,9,180,1,4,43,18,28,2,3568,1564,854,38,166,2,750,55,32,34,7,1412,1073,834,7,165,1,3,37,17,28,2,2142,1935,207,56.343568,0.088037,2102.606972,228014.332339,76017142,25506,113498858,31154.5
110,002900,11001002900,3962,3719,1606,1246,29,125,5,708,52,28,48,11,1370,1159,1213,4,125,5,17,31,11,40,3,3364,1460,1038,20,112,5,542,36,25,34,11,1058,1099,1016,3,112,5,16,23,11,30,3,1643,1448,195,74.708015,0.116731,2357.398917,302332.611458,95743613,29736,137466819,37310
111,003000,11001003000,3398,3247,1376,1455,5,125,5,281,74,41,46,9,532,1223,1409,2,124,2,7,61,30,43,3,2854,1328,1058,5,121,4,219,57,36,39,8,420,1195,1034,2,120,2,4,46,25,36,3,1599,1489,110,52.365301,0.081821,1881.223518,211914.857479,80525394,36678.5,108032013,42954
112,003100,11001003100,2885,2757,949,1086,18,101,0,603,38,24,20,11,1037,652,1056,1,97,0,6,22,9,16,4,2439,856,919,15,92,0,460,31,18,17,10,789,628,894,1,90,0,5,19,8,15,4,1131,1009,122,72.840796,0.113814,2574.255445,294776.244883,60468985,28420,96124283,35170
113,003200,11001003200,4913,4803,1114,2917,22,92,1,657,56,32,16,1,1188,723,2836,14,92,1,9,37,19,13,0,3957,973,2313,18,83,1,485,40,24,14,1,876,689,2248,11,83,1,8,30,16,11,0,1840,1669,171,109.925967,0.171759,3050.48105,444854.607448,91044809,27905.5,119332154,31551
114,009811,11001009811,4365,4293,13,4246,12,4,0,18,65,29,29,2,37,11,4228,10,4,0,12,58,24,26,1,2945,11,2864,9,4,0,14,37,22,15,2,25,9,2853,8,4,0,9,33,18,13,1,1979,1819,160,115.383996,0.180287,3543.40432,466942.467316,36490017,20544,41515657,18977
115,009901,11001009901,2249,2212,94,2094,15,3,0,6,30,11,6,4,39,74,2081,15,3,0,1,29,10,6,4,1876,84,1745,10,3,0,6,23,11,6,4,30,68,1737,10,3,0,1,22,10,6,4,1070,1007,63,519.404482,0.81157,5944.80074,2101955.3748,70749621,53475,68391309,49969
116,009902,11001009902,2905,2872,27,2813,12,3,0,17,30,12,8,0,44,24,2789,11,3,0,4,27,12,8,0,2273,25,2199,10,3,0,13,20,11,4,0,30,22,2182,10,3,0,3,20,11,4,0,1292,1175,117,319.871355,0.499799,5340.361444,1294473.454596,54350597,38024,57137569,37244
117,009903,11001009903,1851,1809,17,1774,3,2,0,13,40,23,5,0,30,16,1760,2,2,0,3,37,22,5,0,1358,15,1306,3,0,0,6,26,15,4,0,19,14,1297,2,0,0,2,23,14,4,0,722,644,78,92.868668,0.145107,3223.432199,375826.167714,32456553.32,33233.5,35118730,33430
118,009904,11001009904,2243,2215,63,2055,8,7,0,82,26,14,4,0,162,22,2024,6,7,0,1,19,14,4,0,1546,46,1417,8,3,0,51,19,11,3,0,98,19,1401,6,3,0,1,16,11,3,0,1137,874,263,104.966126,0.16401,2987.978458,424782.841699,26767870,26576.5,35494438.76,27487
119,009905,11001009905,2795,2729,24,2676,7,3,2,17,57,25,0,4,52,20,2656,7,3,2,2,49,24,0,4,2012,22,1933,6,3,2,12,31,18,0,3,29,19,1923,6,3,2,0,29,17,0,3,1330,1104,226,106.606375,0.166572,2908.054569,431420.693864,30819168.68,26468,36150350,27355
120,009906,11001009906,1296,1264,11,1241,3,3,0,6,28,15,3,0,31,8,1227,1,3,0,0,24,12,2,0,1001,11,956,2,3,0,6,19,12,2,0,23,8,948,1,3,0,0,16,10,2,0,756,592,164,61.268934,0.095733,2139.297318,247946.582284,16913306,27813,21931724,26833
121,009907,11001009907,2836,2789,13,2763,4,6,1,2,47,22,7,2,30,10,2746,3,6,1,0,40,22,7,2,1893,11,1847,2,4,1,2,26,13,3,0,21,8,1835,1,4,1,0,23,13,3,0,1176,1097,79,115.374895,0.180273,3177.056629,466905.635699,27930889,23122,31452975.28,22424
122,010100,11001010100,2621,2540,1672,393,4,388,2,81,25,22,33,2,298,1477,381,4,382,2,14,18,16,30,1,2529,1639,370,4,373,2,67,21,19,32,2,268,1457,360,4,367,2,14,15,14,29,1,2067,1794,273,143.24578,0.223822,3436.583212,579695.106431,94655251,55985.5,122209400,64721
123,010200,11001010200,2324,2208,1132,918,8,118,1,31,78,37,28,1,138,1057,900,5,118,1,8,64,30,27,1,2193,1097,857,8,111,1,31,58,35,20,1,128,1029,839,5,111,1,8,47,30,19,1,1654,1465,189,342.522801,0.535192,5083.27201,1386140.606225,87260141,60379.5,103762693,62109
124,010300,11001010300,3187,3057,725,1915,36,67,3,311,68,37,27,9,527,606,1872,17,66,3,14,61,25,25,3,2677,655,1623,31,62,3,216,53,29,13,8,384,559,1589,17,61,3,7,47,20,12,3,1306,1173,133,268.325773,0.419259,5400.810304,1085875.884652,67033876.8,35106.5,76672409,36564.5
125,010400,11001010400,4365,4281,129,4115,9,12,1,15,75,43,19,4,85,105,4082,7,12,1,0,67,41,17,3,3362,114,3157,7,10,1,13,55,33,9,4,64,98,3133,5,10,1,0,48,31,8,3,1828,1528,300,670.386912,1.04748,7779.672186,2712959.594672,41916212,26314,45848533,24753
126,007503,11001007503,2425,2388,39,2319,8,6,0,16,34,14,4,4,37,37,2308,2,6,0,3,30,14,4,4,1641,39,1561,5,5,0,13,16,12,1,3,22,37,1555,2,5,0,3,16,12,1,3,1000,857,143,123.492711,0.192957,2859.529841,499757.274593,26718856,24918,29135292,23253
127,007504,11001007504,2451,2406,25,2370,5,4,0,2,45,18,6,0,6,24,2370,5,4,0,0,42,17,6,0,1652,22,1589,3,4,0,2,32,12,4,0,6,21,1589,3,4,0,0,29,11,4,0,1215,1007,208,196.829617,0.307546,4403.700241,796541.206043,22978274,22252,28493704,20654
128,001902,11001001902,1969,1891,237,1537,2,24,0,91,68,29,10,0,179,177,1525,0,24,0,5,52,23,10,0,1625,201,1284,2,24,0,61,45,23,4,0,126,161,1275,0,24,0,3,31,18,4,0,861,807,54,219.469576,0.342921,3998.172028,888161.868728,58668759,46399,60643912,46000.5
129,002001,11001002001,2340,2244,598,1172,10,61,4,399,69,26,16,2,629,441,1138,6,58,4,10,43,20,11,1,1897,503,980,7,48,4,288,52,22,5,2,470,384,951,3,46,4,1,34,18,2,1,1026,915,111,156.381487,0.244346,4208.850577,632853.430341,74238446,32239,77796183,32255
130,002002,11001002002,3813,3611,778,2297,14,54,9,459,106,31,30,55,794,577,2247,9,53,2,36,75,25,29,11,2994,624,1869,12,48,9,303,69,26,14,39,541,487,1829,9,47,2,15,55,20,13,11,1436,1334,102,209.834847,0.327867,4418.371751,849171.503492,99551003,34078,111106825,34515
131,002101,11001002101,5309,5075,675,3301,34,99,9,957,128,47,26,6,1651,260,3203,13,95,1,6,72,36,17,4,4155,536,2685,24,77,6,658,88,33,17,6,1152,239,2619,7,74,1,2,54,25,12,4,2183,1983,200,148.526207,0.232072,3187.288051,601064.238813,94312486.76,26813,111940633,28176.5
132,002102,11001002102,4648,4523,398,3583,15,27,0,500,110,47,15,3,724,278,3512,12,27,0,13,76,37,8,3,3652,334,2881,7,23,0,322,73,35,12,3,476,252,2834,6,23,0,4,51,28,7,3,2173,1900,273,179.364858,0.280258,3547.753543,725863.829931,92766959.97,32803,113649527,33861.5
133,002201,11001002201,3442,3354,432,2331,12,55,0,524,59,22,10,3,823,227,2281,4,55,0,10,36,20,8,2,2724,354,1903,9,47,0,352,38,18,6,3,569,198,1869,4,47,0,4,29,16,4,2,1186,1110,76,102.580516,0.160282,2575.698246,415128.621962,70400837,30903,85149168,32313
134,002202,11001002202,3087,2946,285,2177,26,28,1,429,105,34,19,19,648,174,2130,10,28,0,4,81,22,18,19,2440,232,1761,18,28,1,308,74,28,12,18,448,160,1727,9,28,0,4,56,17,11,18,1434,1272,162,171.851176,0.268517,3340.613292,695457.037597,53733218,29485.5,65242968,29500
135,009302,11001009302,1189,1142,221,835,11,20,0,55,37,19,5,4,125,178,821,4,20,0,0,34,18,5,4,958,198,664,7,14,0,42,26,17,2,4,97,162,654,3,14,0,0,24,16,2,4,545,460,85,99.661195,0.155721,2780.136505,403314.549015,29300075,38413,32262752,38884
136,009400,11001009400,4163,4038,370,3467,23,42,0,136,94,50,20,1,266,301,3424,22,41,0,12,80,44,18,1,3397,314,2846,20,36,0,94,69,42,10,1,180,264,2820,20,35,0,10,58,37,8,1,1792,1651,141,393.024723,0.614101,5500.077285,1590514.635816,111394852,48688,122069723,49363.5
137,009501,11001009501,5797,5595,2128,2827,36,108,10,486,99,49,58,15,831,1926,2778,21,102,5,9,78,42,54,12,5099,2093,2351,27,105,8,347,73,43,55,12,636,1916,2311,19,99,3,9,59,36,51,9,1954,1802,152,393.940259,0.615532,6251.167008,1594219.67538,54810127,28094,66633719.98,28334
138,009503,11001009503,2910,2810,432,2301,4,41,0,32,84,50,22,4,113,377,2276,3,41,0,7,79,48,21,4,2433,384,1917,4,36,0,22,59,42,11,4,83,342,1898,3,36,0,6,56,40,10,4,1256,1200,56,351.74808,0.549606,5448.746349,1423473.98609,103688476,55760,93340693.3,55128
139,009504,11001009504,3025,2940,643,2204,10,40,0,43,66,27,24,5,120,592,2187,5,40,0,3,62,27,24,5,2603,579,1892,7,38,0,28,44,20,17,3,89,540,1876,4,38,0,2,40,20,17,3,1354,1254,100,253.59065,0.396235,4227.41219,1026244.954989,69274045,43233,76802968,44206.5
140,009505,11001009505,2630,2571,145,2274,3,25,6,118,49,19,14,4,201,109,2249,2,25,2,4,36,13,11,0,2197,113,1934,2,22,4,82,33,13,7,1,140,89,1913,1,22,2,2,26,12,6,0,1217,1138,79,254.668658,0.39792,4571.653132,1030607.501728,69676775,42972,74524698,41734
141,009507,11001009507,1489,1460,53,1304,11,1,0,91,22,10,4,4,156,16,1292,2,1,0,1,21,9,4,4,1209,38,1075,10,1,0,64,15,10,4,1,110,14,1067,2,1,0,1,14,9,4,1,607,583,24,72.812927,0.11377,2483.115055,294663.464164,35008824,38577.5,37021683,38410
142,009508,11001009508,3290,3240,257,2821,11,30,0,121,38,24,11,2,235,182,2793,6,29,0,3,36,22,11,1,2785,227,2394,7,27,0,90,30,22,7,2,171,170,2376,5,26,0,3,28,20,7,1,1742,1578,164,231.917987,0.362372,5772.875428,938538.799503,67315108.95,38902,74438513.8,36844
143,009509,11001009509,2940,2888,165,2592,5,33,0,93,48,7,14,3,169,124,2565,2,33,0,13,33,4,8,3,2400,142,2126,4,30,0,66,29,6,10,3,116,112,2114,2,30,0,5,20,4,7,3,1320,1258,62,159.553962,0.249303,3306.197043,645691.97947,75556930,44708,83396856.4,45890
144,009601,11001009601,2445,2420,27,2359,3,5,3,23,24,7,2,4,36,16,2357,3,5,3,0,24,7,2,4,1598,23,1534,3,2,2,18,15,6,2,4,27,16,1532,3,2,2,0,15,6,2,4,847,786,61,514.850171,0.804453,6716.549762,2083524.732697,27940966,24949,31190145,22438
145,009602,11001009602,3280,3220,24,3166,9,3,0,18,58,26,3,0,40,20,3156,6,3,0,1,52,26,3,0,2287,17,2206,5,3,0,13,41,20,2,0,25,15,2199,4,3,0,1,38,20,2,0,1545,1445,100,341.005598,0.532821,4742.071398,1380000.703952,28881426,24409,34651347,23135.5
146,009603,11001009603,3373,3305,25,3236,10,7,1,26,53,35,17,4,62,17,3220,9,7,1,3,47,32,13,2,2646,22,2545,6,5,1,17,38,24,15,4,39,17,2536,5,5,1,2,34,22,11,2,1750,1588,162,157.961848,0.246815,3866.067516,639248.922424,50548063,29854,54782066,29205
147,009604,11001009604,1962,1925,31,1865,4,1,0,24,27,13,5,8,55,22,1859,1,1,0,0,21,12,4,3,1592,28,1514,2,1,0,16,22,13,4,8,39,21,1509,1,1,0,0,18,12,3,3,998,927,71,135.545256,0.211789,3139.245874,548532.194925,39320298,34892,42571608,36056.5
148,009700,11001009700,3177,3141,20,3098,6,4,5,8,34,17,3,3,32,13,3086,6,3,5,0,32,16,3,3,2256,16,2196,5,4,1,5,27,15,1,2,22,13,2187,5,3,1,0,25,14,1,2,1307,1179,128,101.314912,0.158305,3393.279077,410006.906522,37230924,28163.5,41269716,27242
149,009801,11001009801,1575,1554,16,1526,3,5,0,4,21,7,1,0,26,11,1512,3,5,0,2,16,7,1,0,1100,15,1058,3,5,0,4,15,6,1,0,14,10,1053,3,5,0,2,13,6,1,0,766,677,89,110.83911,0.173186,3275.822031,448549.968715,16467492,24531.5,19048407,25883.5
150,009802,11001009802,1693,1678,11,1665,1,0,0,1,12,3,1,2,27,10,1643,1,0,0,1,11,3,1,2,1136,10,1111,1,0,0,1,10,3,1,2,13,9,1103,1,0,0,1,9,3,1,2,848,677,171,49.600268,0.0775,2124.243896,200725.165017,15926462,24440,18186608,23629
151,007807,11001007807,2139,2108,18,2053,2,5,0,30,30,9,8,0,49,9,2043,2,5,0,4,26,9,7,0,1593,13,1537,1,5,0,18,18,8,2,0,29,9,1531,1,5,0,1,16,8,2,0,906,810,96,129.422139,0.202222,3369.640893,523752.819177,26964218,27911.5,29022672,25588
152,007808,11001007808,3646,3592,34,3489,10,9,0,50,53,38,4,0,77,29,3470,8,9,0,12,40,33,3,0,2544,28,2431,9,5,0,33,37,26,2,0,51,24,2417,7,5,0,11,28,23,2,0,1598,1352,246,234.836805,0.366933,4159.121607,950350.839345,44146628.79,27911,47655483,24266
153,007809,11001007809,2922,2875,58,2768,9,4,0,36,40,19,6,0,86,35,2753,5,4,0,1,38,16,6,0,2129,51,2011,8,3,0,26,24,17,1,0,65,33,2001,4,3,0,1,22,14,1,0,1339,1135,204,132.238955,0.206623,3874.359987,535152.066889,37559798.37,27390,41012846,24953
154,007901,11001007901,3822,3730,397,3252,16,24,0,41,85,32,21,3,115,349,3240,11,24,0,7,73,30,18,2,2771,362,2287,13,24,0,30,50,24,11,3,76,327,2280,9,24,0,6,47,23,9,2,1784,1540,244,98.415178,0.153774,2551.393623,398272.098443,54104963,29975,68844302,31673
155,007903,11001007903,1774,1749,156,1536,6,10,0,41,22,14,3,1,95,120,1518,6,9,0,4,22,12,3,1,1407,136,1205,5,10,0,31,17,11,2,1,70,112,1192,5,9,0,2,17,9,2,1,880,778,102,59.943899,0.093662,2170.9454,242584.352929,33231634,36257,41719677,39557
156,008001,11001008001,2784,2701,1321,1247,10,65,1,57,51,21,26,7,138,1264,1235,7,62,1,9,42,16,24,7,2397,1168,1058,10,58,1,40,39,19,16,4,111,1119,1049,7,55,1,5,32,14,14,4,1391,1286,105,80.430914,0.125673,2400.602905,325492.362613,100414811,60366,126560393,67249
157,008002,11001008002,3031,2946,1662,1158,6,74,3,43,43,14,31,3,114,1602,1152,4,73,3,8,40,13,30,0,2614,1450,1014,6,65,1,33,19,10,16,2,91,1400,1011,4,64,1,6,17,9,15,0,1644,1477,167,142.850636,0.223204,3883.368027,578096.015633,121769571,67000.5,162596832,72447
158,008100,11001008100,2910,2823,2276,422,11,75,1,38,33,19,47,1,133,2195,413,10,74,1,4,31,17,47,1,2551,2027,366,11,62,1,26,23,19,29,1,106,1957,361,10,61,1,2,21,17,29,1,1549,1452,97,72.218122,0.112841,2331.345985,292256.371733,139606334,81428,168364052,72100
159,008200,11001008200,2918,2843,2515,156,12,116,1,43,15,14,50,2,134,2443,152,9,113,1,2,11,11,45,2,2674,2328,146,12,106,1,37,12,11,23,2,119,2260,142,9,103,1,2,9,8,23,2,1655,1522,133,84.045241,0.131321,3038.867812,340119.023977,117647812,70126.5,147633111,67792.5
160,008301,11001008301,2279,2225,1743,383,5,67,1,26,21,7,31,1,80,1703,373,5,66,1,2,19,5,31,1,2039,1585,331,4,59,1,23,14,6,19,1,71,1546,324,4,58,1,1,14,5,19,1,1154,1072,82,75.106521,0.117354,2368.737543,303945.306897,100958815,79178,126739845,80765
161,008302,11001008302,2206,2141,1553,490,12,66,2,18,20,12,36,2,94,1487,487,10,64,2,9,18,8,31,2,1940,1367,448,11,60,2,9,15,12,18,2,62,1322,447,9,58,2,4,15,8,17,2,1032,966,66,64.461917,0.100722,2372.700178,260868.123058,98202439,75686,121676185,69139
162,008402,11001008402,2149,2081,1156,846,7,51,4,17,34,21,20,6,99,1095,830,5,49,4,5,32,20,19,4,1920,1036,756,6,49,4,14,24,18,17,5,76,990,741,4,49,4,5,24,17,17,3,1270,1174,96,66.307558,0.103606,2657.40565,268337.168661,64090679,50048,84827411,55894.5
163,008410,11001008410,1489,1463,451,958,4,24,3,23,16,10,3,1,71,421,942,4,22,3,4,16,8,3,1,1232,414,754,4,24,3,14,10,10,2,1,57,385,744,4,22,3,2,10,8,2,1,681,604,77,54.394449,0.084991,2326.095337,220126.527662,41390921,46940,54787972,48372
164,008701,11001008701,2407,2360,384,1888,4,38,3,43,34,15,16,0,114,356,1856,3,38,2,3,28,10,16,0,1978,357,1513,4,29,3,39,25,12,10,0,96,332,1491,3,29,2,2,19,7,10,0,972,873,99,95.004214,0.148444,2699.849929,384468.417755,48565203,34711,70853972,37790
165,008702,11001008702,1599,1557,221,1280,6,16,1,33,39,13,6,2,103,182,1265,6,13,1,1,27,9,6,2,1325,195,1055,6,16,1,20,30,11,5,0,72,167,1044,6,13,1,0,21,8,5,0,902,713,189,117.223816,0.183162,3710.812891,474387.95576,28412101,32251,59322798,41675
166,008802,11001008802,4119,4030,308,3607,29,35,4,47,68,36,15,6,172,268,3555,16,35,4,1,61,24,12,6,3301,274,2873,22,32,1,37,45,27,10,6,129,240,2840,10,32,1,1,41,18,8,6,1999,1746,253,116.569759,0.18214,2848.579921,471741.081255,62141902.81,28875.5,80440359,31959.5
167,008803,11001008803,2037,1958,694,1143,9,54,5,53,43,21,29,6,167,621,1117,8,52,5,3,33,16,27,5,1709,673,860,9,49,5,45,32,22,28,6,146,603,842,8,47,5,3,24,16,27,5,612,442,170,284.576985,0.444652,5287.299629,1151642.205129,9823344,16056,14330450,16546
168,009803,11001009803,2758,2719,23,2684,5,3,0,4,35,16,10,4,30,20,2667,5,3,0,0,29,14,10,4,2000,22,1943,5,2,0,4,22,11,5,2,21,19,1931,5,2,0,0,20,10,5,2,1416,1201,215,131.21325,0.205021,3195.473389,531001.18627,30971202,26640,33847590,23984
169,009804,11001009804,2473,2435,42,2369,5,4,0,15,32,13,4,2,56,14,2361,5,4,0,3,30,12,1,1,1778,28,1706,4,4,0,13,19,7,2,1,39,11,1700,4,4,0,2,18,7,0,1,1071,955,116,128.074351,0.200116,3761.594319,518298.512528,32581400,27829,34316210,27427.5
170,009807,11001009807,3072,3022,56,2937,4,13,0,12,48,24,3,0,58,38,2912,3,13,0,1,46,24,3,0,2396,46,2304,4,12,0,11,18,12,1,0,42,36,2283,3,12,0,1,18,12,1,0,1551,1350,201,256.62677,0.400979,5057.760632,1038531.697105,49300774.86,31540.43,50089141,29196
171,009810,11001009810,2507,2483,15,2456,3,1,0,8,23,12,8,0,22,15,2439,3,1,0,6,21,12,6,0,1734,13,1692,3,1,0,6,18,11,8,0,17,13,1680,3,1,0,4,16,11,6,0,1171,1103,68,101.916767,0.159245,2811.707456,412442.526137,20731641,22114,23630871,20845
172,010500,11001010500,3410,3296,1101,1888,15,231,2,59,63,33,43,10,212,1000,1858,13,228,2,10,49,26,35,4,2946,1074,1501,14,211,2,50,47,28,38,10,190,977,1477,13,208,2,10,35,20,30,4,2347,2000,347,185.973146,0.290583,3700.255222,752606.625015,84029289,45706.5,112250955,52096
173,010600,11001010600,3933,3814,1624,1992,15,126,0,57,70,44,38,3,177,1548,1969,3,123,0,10,63,39,35,2,3397,1503,1622,14,117,0,47,52,37,33,2,141,1442,1603,3,115,0,10,48,33,30,2,1927,1670,257,305.564175,0.477444,5269.162516,1236574.350913,121226133,46770,256230114,55071.5
174,010700,11001010700,1838,1775,1442,89,6,209,0,29,12,7,40,7,137,1344,85,5,207,0,4,10,6,38,7,1821,1433,86,6,207,0,28,10,8,40,7,134,1336,83,5,205,0,4,8,6,39,7,1413,1244,169,220.293987,0.344209,3825.465074,891498.140842,76742725,55538.5,121704083,63057
175,010800,11001010800,6408,6194,5146,279,2,708,3,56,133,32,150,27,268,4946,277,2,706,2,6,129,29,149,27,6381,5132,270,2,706,3,56,131,32,148,27,265,4933,269,2,704,2,6,128,29,148,27,1115,1034,81,163.464638,0.255414,3482.465158,661517.924546,23332003.5,39566,35939787,42735
176,010900,11001010900,3211,3146,58,3055,6,15,0,12,61,22,9,0,47,49,3035,6,15,0,2,56,21,6,0,2356,56,2226,5,15,0,8,43,22,5,0,35,47,2211,5,15,0,1,41,21,4,0,1366,1161,205,1313.082864,2.051692,11812.014997,5313857.851102,21483928,21961,25597789,20753.5
177,011000,11001011000,3715,3584,1632,1712,29,140,3,68,90,49,40,3,183,1560,1683,24,139,3,13,77,40,36,3,3354,1593,1455,23,130,3,54,58,40,28,2,158,1524,1429,20,130,3,11,48,32,25,2,2673,2345,328,254.122388,0.397066,5794.137106,1028396.823752,142255206,61476,159856545,66090
178,011100,11001011100,4859,4727,322,4192,24,15,1,173,110,58,19,3,337,241,4147,18,15,1,8,88,46,19,3,3945,279,3410,21,13,1,123,85,43,12,3,237,223,3379,15,13,1,5,70,37,12,3,1868,1727,141,1497.651271,2.34008,13673.107139,6060779.698894,101111776,40473,108672370,40625.5
179,009301,11001009301,3143,3031,979,1915,14,71,0,52,75,32,24,1,221,866,1891,13,67,0,3,56,30,23,1,2617,866,1555,13,66,0,39,50,31,18,1,175,768,1535,12,62,0,3,42,29,17,1,1230,1162,68,272.133073,0.425208,4589.378118,1101283.480971,80177844.52,46848,96067410,47415
